x,y,z,x_quat,y_quat,z_quat,w_quat
89664.535560,43124.316885,6.381262,0.000000,0.000000,-0.868327,0.495991
89666.319646,43123.898891,6.381268,0.000000,0.000000,-0.868327,0.495991
89666.639618,43124.236537,6.381289,0.000000,0.000000,-0.868327,0.495991
89666.910362,43124.318343,6.381249,0.000000,0.000000,-0.868327,0.495991
89667.087891,43124.436061,6.381232,0.000000,0.000000,-0.868327,0.495991
89667.117835,43124.477880,6.381231,0.000000,0.000000,-0.868327,0.495991
89667.100643,43124.569603,6.381233,0.000000,0.000000,-0.868327,0.495991
89667.153611,43124.606777,6.381198,0.000000,0.000000,-0.868327,0.495991
89667.055746,43124.604221,6.381131,0.000000,0.000000,-0.868327,0.495991
89667.028291,43124.716950,6.381178,0.000000,0.000000,-0.868327,0.495991
89667.064349,43124.643802,6.381115,0.000000,0.000000,-0.868327,0.495991
89667.072361,43124.628765,6.381086,0.000000,0.000000,-0.868327,0.495991
89667.133706,43124.593736,6.381029,0.000000,0.000000,-0.868327,0.495991
89667.162887,43124.614544,6.381004,0.000000,0.000000,-0.868327,0.495991
89667.089530,43124.593664,6.380956,0.000000,0.000000,-0.868327,0.495991
89667.161533,43124.544593,6.380952,0.000000,0.000000,-0.868327,0.495991
89665.768641,43124.194368,6.380716,0.000000,0.000000,-0.868327,0.495991
89665.256792,43123.916204,6.380989,0.000000,0.000000,-0.868327,0.495991
89664.024452,43123.242370,6.380383,0.000000,0.000000,-0.965771,0.259397
89661.964729,43121.953954,6.367629,0.000000,0.000000,-0.958761,0.284215
89659.245080,43119.760356,6.355551,0.000000,0.000000,-0.970512,0.241052
89655.568680,43117.567494,6.319246,0.000000,0.000000,0.995388,0.095934
89650.287841,43117.595032,6.309684,0.000000,0.000000,0.986880,0.161457
89644.900592,43119.991051,6.310540,0.000000,0.000000,0.982839,0.184466
89639.000372,43123.370147,6.290755,0.000000,0.000000,0.962200,0.272343
89632.684844,43127.188064,6.234192,0.000000,0.000000,0.880755,0.473572
89628.166078,43133.411819,6.228332,0.000000,0.000000,0.887679,0.460463
89624.267117,43141.021659,6.232949,0.000000,0.000000,0.886023,0.463642
89618.137449,43147.764005,6.231516,0.000000,0.000000,0.881734,0.471747
89613.448330,43155.899311,6.237030,0.000000,0.000000,0.798825,0.601564
89614.790253,43165.102931,6.294280,0.000000,0.000000,0.332024,0.943271
89623.128608,43166.775938,6.338329,0.000000,0.000000,-0.372298,0.928113
89627.363237,43158.509527,6.364018,0.000000,0.000000,-0.535709,0.844403
89630.523333,43149.775132,6.335666,0.000000,0.000000,-0.477121,0.878837
89637.180052,43142.647396,6.317045,0.000000,0.000000,-0.352614,0.935769
89644.273481,43136.558954,6.310981,0.000000,0.000000,0.343524,0.939144
89649.770111,43142.486671,6.336239,0.000000,0.000000,0.699456,0.714676
89644.387575,43149.822955,6.365321,0.000000,0.000000,0.882001,0.471247
89639.463799,43158.011779,6.371228,0.000000,0.000000,0.899436,0.437053
89635.138727,43166.122677,6.584809,0.000000,0.000000,0.911257,0.411839
89627.435348,43171.481726,6.646315,0.000000,0.000000,0.910751,0.412956
89620.866564,43178.126717,6.605515,0.000000,0.000000,0.845594,0.533826
89622.273348,43187.223551,6.640636,0.000000,0.000000,0.129383,0.991595
89631.047088,43188.683676,6.765987,0.000000,0.000000,-0.257591,0.966254
89637.723900,43182.783812,6.886194,0.000000,0.000000,-0.163097,0.986610
89646.245136,43180.961779,7.070797,0.000000,0.000000,0.178075,0.984017
89653.530897,43186.886571,7.115661,0.000000,0.000000,0.197508,0.980301
89662.046584,43189.427962,6.910956,0.000000,0.000000,-0.422610,0.906311
89665.598371,43181.136045,6.763271,0.000000,0.000000,-0.723010,0.690837
89659.122283,43174.549352,6.725546,0.000000,0.000000,-0.997178,0.075072
89650.006200,43173.899141,6.910894,0.000000,0.000000,-0.947133,0.320841
89644.104942,43167.827992,7.057109,0.000000,0.000000,-0.476306,0.879280
89648.773616,43160.079093,6.660048,0.000000,0.000000,-0.212259,0.977213
89657.524053,43159.536373,6.462719,0.000000,0.000000,0.141186,0.989983
89664.343228,43164.653040,6.468510,0.000000,0.000000,0.511028,0.859564
89669.269161,43171.915928,6.520770,0.000000,0.000000,-0.230744,0.973015
89676.539064,43168.651122,6.550560,0.000000,0.000000,-0.424476,0.905439
89678.289473,43159.573836,6.543480,0.000000,0.000000,-0.706174,0.708039
89678.182103,43150.554188,6.535774,0.000000,0.000000,-0.940498,0.339798
89671.123582,43146.291747,6.520055,0.000000,0.000000,-0.997181,0.075030
89662.244320,43147.459073,6.447630,0.000000,0.000000,-0.996104,0.088186
89655.868534,43142.339814,6.410212,0.000000,0.000000,-0.795063,0.606527
89657.896964,43133.654199,6.377483,0.000000,0.000000,-0.667034,0.745027
89657.705282,43125.226813,6.368724,0.000000,0.000000,-0.883000,0.469374
89650.376364,43121.697769,6.338337,0.000000,0.000000,-0.998523,0.054326
89642.899067,43123.166601,6.321510,0.000000,0.000000,0.980115,0.198432
89635.906066,43122.085587,6.267982,0.000000,0.000000,0.965606,0.260011
89630.427700,43126.325094,6.223349,0.000000,0.000000,0.880755,0.473572
89628.842852,43133.924265,6.226772,0.000000,0.000000,0.887679,0.460463
89623.874073,43140.741756,6.233504,0.000000,0.000000,0.886023,0.463642
89617.548389,43147.138762,6.229876,0.000000,0.000000,0.881734,0.471747
89614.314245,43156.084233,6.238505,0.000000,0.000000,0.798825,0.601564
89614.756252,43165.606058,6.295903,0.000000,0.000000,0.095761,0.995404
89622.855434,43167.082139,6.349474,0.000000,0.000000,-0.372298,0.928113
89627.048456,43159.043013,6.366442,0.000000,0.000000,-0.535709,0.844403
89630.754244,43150.620485,6.340964,0.000000,0.000000,-0.477121,0.878837
89636.828223,43143.081975,6.317072,0.000000,0.000000,-0.493340,0.869836
89643.380479,43136.443029,6.311165,0.000000,0.000000,0.160678,0.987007
89650.069068,43141.135021,6.328562,0.000000,0.000000,0.699456,0.714676
89645.625751,43148.892987,6.364361,0.000000,0.000000,0.855458,0.517873
89639.977914,43156.294938,6.372266,0.000000,0.000000,0.899436,0.437053
89636.309907,43164.875216,6.558830,0.000000,0.000000,0.911257,0.411839
89629.045994,43170.705750,6.663589,0.000000,0.000000,0.910751,0.412956
89621.648447,43176.735218,6.609908,0.000000,0.000000,0.845594,0.533826
89621.108461,43185.759755,6.611825,0.000000,0.000000,0.328683,0.944440
89630.069507,43188.761614,6.760404,0.000000,0.000000,-0.257591,0.966254
89637.244951,43183.773254,6.856706,0.000000,0.000000,-0.163097,0.986610
89645.454068,43180.693424,7.040697,0.000000,0.000000,0.178075,0.984017
89653.064049,43186.643021,7.114293,0.000000,0.000000,0.197508,0.980301
89661.339981,43189.958353,6.915244,0.000000,0.000000,-0.145469,0.989363
89665.513815,43181.954975,6.767532,0.000000,0.000000,-0.723010,0.690837
89660.240012,43174.429785,6.711648,0.000000,0.000000,-0.997178,0.075072
89651.238349,43173.793087,6.847255,0.000000,0.000000,-0.983460,0.181125
89644.360493,43168.965311,7.062063,0.000000,0.000000,-0.642321,0.766436
89647.254826,43160.746541,6.761747,0.000000,0.000000,-0.212259,0.977213
89655.940894,43159.302091,6.471009,0.000000,0.000000,0.141186,0.989983
89663.690529,43163.459256,6.466044,0.000000,0.000000,0.511028,0.859564
89668.307522,43170.911524,6.506006,0.000000,0.000000,0.112211,0.993684
89676.016499,43170.280256,6.550763,0.000000,0.000000,-0.424476,0.905439
89678.394731,43161.779901,6.549534,0.000000,0.000000,-0.601335,0.798997
89678.685745,43152.677943,6.529871,0.000000,0.000000,-0.885312,0.464997
89672.631463,43146.787253,6.523151,0.000000,0.000000,-0.989185,0.146673
89663.813153,43147.444550,6.456028,0.000000,0.000000,-0.996104,0.088186
89656.737081,43143.131540,6.418146,0.000000,0.000000,-0.825807,0.563953
89657.549273,43134.297584,6.379660,0.000000,0.000000,-0.667034,0.745027
89658.213991,43125.674077,6.369032,0.000000,0.000000,-0.883000,0.469374
89651.474890,43121.483792,6.347935,0.000000,0.000000,-0.998523,0.054326
89643.971504,43123.218159,6.326438,0.000000,0.000000,-0.999979,0.006415
89637.023568,43122.192732,6.280184,0.000000,0.000000,0.965606,0.260011
89631.017169,43125.423281,6.229684,0.000000,0.000000,0.880755,0.473572
89629.373538,43132.890122,6.223089,0.000000,0.000000,0.887679,0.460463
89624.948493,43139.809580,6.236491,0.000000,0.000000,0.886618,0.462503
89618.331312,43146.022019,6.224128,0.000000,0.000000,0.884065,0.467363
89614.452112,43154.603312,6.235379,0.000000,0.000000,0.798825,0.601564
89614.132589,43164.160732,6.270735,0.000000,0.000000,0.332024,0.943271
89621.708817,43167.521242,6.344728,0.000000,0.000000,-0.372298,0.928113
89626.632054,43160.137805,6.365839,0.000000,0.000000,-0.507720,0.861522
89629.645627,43151.328678,6.340824,0.000000,0.000000,-0.477121,0.878837
89636.128244,43143.899738,6.320668,0.000000,0.000000,-0.493340,0.869836
89642.529766,43136.866203,6.308600,0.000000,0.000000,0.160678,0.987007
89649.430245,43140.842835,6.329609,0.000000,0.000000,0.699456,0.714676
89645.687585,43148.864453,6.359860,0.000000,0.000000,0.855458,0.517873
89640.193100,43156.513391,6.372177,0.000000,0.000000,0.899436,0.437053
89636.006127,43164.911792,6.537421,0.000000,0.000000,0.911257,0.411839
89628.779526,43170.830873,6.658803,0.000000,0.000000,0.910751,0.412956
89621.653533,43177.082183,6.613641,0.000000,0.000000,0.845594,0.533826
89620.938995,43186.003149,6.619718,0.000000,0.000000,0.328683,0.944440
89629.329295,43189.014451,6.755202,0.000000,0.000000,-0.257591,0.966254
89636.668444,43183.844246,6.866862,0.000000,0.000000,-0.163097,0.986610
89644.783589,43180.626437,7.012588,0.000000,0.000000,0.178075,0.984017
89652.698950,43185.975077,7.123359,0.000000,0.000000,0.197508,0.980301
89660.919615,43189.905628,6.968330,0.000000,0.000000,-0.145469,0.989363
89665.800445,43182.470820,6.763408,0.000000,0.000000,-0.723010,0.690837
89660.425777,43174.966117,6.720778,0.000000,0.000000,-0.997178,0.075072
89651.332643,43173.949776,6.841226,0.000000,0.000000,-0.983460,0.181125
89644.185950,43169.217561,7.065623,0.000000,0.000000,-0.642321,0.766436
89647.424660,43160.864976,6.736524,0.000000,0.000000,-0.212259,0.977213
89656.011128,43159.236561,6.472052,0.000000,0.000000,0.141186,0.989983
89663.610739,43163.622368,6.462607,0.000000,0.000000,0.511028,0.859564
89668.252538,43171.173398,6.508041,0.000000,0.000000,0.112211,0.993684
89676.102602,43170.115897,6.549018,0.000000,0.000000,-0.424476,0.905439
89678.016934,43161.091178,6.547371,0.000000,0.000000,-0.601335,0.798997
89678.613654,43152.227299,6.529677,0.000000,0.000000,-0.940498,0.339798
89672.625167,43146.666052,6.524218,0.000000,0.000000,-0.989185,0.146673
89663.769546,43147.646429,6.449701,0.000000,0.000000,-0.996104,0.088186
89656.744929,43143.161568,6.415552,0.000000,0.000000,-0.825807,0.563953
89657.530423,43134.280371,6.379875,0.000000,0.000000,-0.667034,0.745027
89658.252431,43125.612746,6.368156,0.000000,0.000000,-0.883000,0.469374
89651.298052,43121.527731,6.346383,0.000000,0.000000,-0.998523,0.054326
89643.851444,43123.367016,6.327082,0.000000,0.000000,-0.999979,0.006415
89636.884838,43122.139006,6.284121,0.000000,0.000000,0.965606,0.260011
89630.932854,43125.024556,6.232872,0.000000,0.000000,0.880755,0.473572
89629.384627,43132.521471,6.222091,0.000000,0.000000,0.887679,0.460463
89625.270629,43139.610986,6.236950,0.000000,0.000000,0.886618,0.462503
89618.518447,43145.617962,6.226154,0.000000,0.000000,0.884065,0.467363
89614.740196,43154.118933,6.235603,0.000000,0.000000,0.852035,0.523484
89614.107285,43163.685369,6.267582,0.000000,0.000000,0.332024,0.943271
89621.065830,43168.389114,6.348169,0.000000,0.000000,-0.171466,0.985190
89626.312188,43161.522024,6.371883,0.000000,0.000000,-0.507720,0.861522
89628.811789,43152.731206,6.350784,0.000000,0.000000,-0.569087,0.822278
89635.065874,43145.521444,6.323251,0.000000,0.000000,-0.518683,0.854967
89641.011904,43137.776828,6.307775,0.000000,0.000000,-0.054406,0.998519
89649.127962,43138.347094,6.319729,0.000000,0.000000,0.554016,0.832506
89648.151541,43146.879024,6.354964,0.000000,0.000000,0.855279,0.518168
89641.931784,43153.521069,6.368942,0.000000,0.000000,0.909974,0.414665
89637.612555,43161.848442,6.451797,0.000000,0.000000,0.909045,0.416698
89631.545714,43168.778840,6.634116,0.000000,0.000000,0.896159,0.443734
89624.122748,43174.695442,6.636329,0.000000,0.000000,0.941253,0.337701
89620.025521,43183.171883,6.608391,0.000000,0.000000,0.563098,0.826390
89626.643030,43189.307933,6.705133,0.000000,0.000000,-0.073857,0.997269
89634.970848,43186.000223,6.808525,0.000000,0.000000,-0.285239,0.958457
89642.091632,43180.674270,6.981456,0.000000,0.000000,0.093090,0.995658
89650.491296,43183.922233,7.131100,0.000000,0.000000,0.233975,0.972243
89657.803462,43189.841503,7.029006,0.000000,0.000000,0.056364,0.998410
89665.459012,43185.812054,6.808182,0.000000,0.000000,-0.614220,0.789135
89663.174582,43176.640752,6.734585,0.000000,0.000000,-0.980175,0.198135
89654.599603,43174.028628,6.751959,0.000000,0.000000,-0.999403,0.034559
89645.852265,43172.670817,7.028184,0.000000,0.000000,-0.835952,0.548803
89644.591930,43164.105044,6.942534,0.000000,0.000000,-0.402601,0.915376
89651.663202,43158.945089,6.532002,0.000000,0.000000,-0.195738,0.980656
89660.172493,43161.187529,6.450300,0.000000,0.000000,0.351021,0.936368
89666.000329,43167.377757,6.486128,0.000000,0.000000,0.424725,0.905322
89672.475733,43172.412001,6.526720,0.000000,0.000000,-0.230744,0.973015
89678.001230,43165.687377,6.555898,0.000000,0.000000,-0.509104,0.860705
89678.746072,43156.589207,6.541396,0.000000,0.000000,-0.808032,0.589138
89676.200850,43148.339695,6.533942,0.000000,0.000000,-0.973920,0.226892
89667.794762,43146.913615,6.481318,0.000000,0.000000,-0.996143,0.087748
89659.109711,43146.406687,6.428892,0.000000,0.000000,-0.919541,0.392995
89656.200521,43138.310728,6.390285,0.000000,0.000000,-0.721723,0.692182
89658.995583,43129.597129,6.374259,0.000000,0.000000,-0.771432,0.636312
89654.720752,43122.623288,6.354856,0.000000,0.000000,-0.954609,0.297860
89646.842245,43122.455319,6.326273,0.000000,0.000000,-0.999979,0.006415
89639.635808,43122.961878,6.310553,0.000000,0.000000,0.962200,0.272343
89632.720043,43122.934011,6.247200,0.000000,0.000000,0.922506,0.385984
89629.743415,43129.747900,6.216846,0.000000,0.000000,0.880755,0.473572
89627.347492,43137.488342,6.233031,0.000000,0.000000,0.886576,0.462583
89620.793145,43143.463469,6.227407,0.000000,0.000000,0.885840,0.463990
89615.493090,43150.892372,6.233921,0.000000,0.000000,0.874733,0.484605
89613.658319,43160.381212,6.243207,0.000000,0.000000,0.568884,0.822418
89618.309941,43167.907616,6.328204,0.000000,0.000000,-0.171466,0.985190
89625.964788,43163.938383,6.373565,0.000000,0.000000,-0.433472,0.901167
89628.268304,43155.127070,6.360680,0.000000,0.000000,-0.557544,0.830147
89633.013889,43146.962603,6.326874,0.000000,0.000000,-0.551100,0.834439
89639.436860,43139.651601,6.310586,0.000000,0.000000,-0.232370,0.972628
89647.509991,43137.538773,6.314069,0.000000,0.000000,0.554016,0.832506
89647.914475,43146.330127,6.350738,0.000000,0.000000,0.855279,0.518168
89642.019885,43153.280132,6.368146,0.000000,0.000000,0.909974,0.414665
89637.793270,43161.694576,6.420599,0.000000,0.000000,0.909045,0.416698
89631.979854,43168.692978,6.634230,0.000000,0.000000,0.896159,0.443734
89624.373679,43174.297654,6.634756,0.000000,0.000000,0.941253,0.337701
89620.432955,43182.737214,6.609818,0.000000,0.000000,0.563098,0.826390
89626.820696,43189.326852,6.715838,0.000000,0.000000,-0.073857,0.997269
89634.832685,43185.881446,6.820997,0.000000,0.000000,-0.285239,0.958457
89641.587970,43180.309421,6.957065,0.000000,0.000000,0.093090,0.995658
89649.960518,43183.514910,7.128092,0.000000,0.000000,0.241111,0.970498
89657.200655,43189.541340,7.074255,0.000000,0.000000,0.056364,0.998410
89665.236608,43185.898229,6.824458,0.000000,0.000000,-0.614220,0.789135
89663.457327,43176.625313,6.733609,0.000000,0.000000,-0.980175,0.198135
89655.162375,43173.415717,6.722116,0.000000,0.000000,-0.999403,0.034559
89646.366915,43172.722079,7.044553,0.000000,0.000000,-0.835952,0.548803
89644.373586,43164.714280,6.949255,0.000000,0.000000,-0.476306,0.879280
89651.310413,43159.186813,6.568192,0.000000,0.000000,-0.195738,0.980656
89660.025985,43160.769596,6.450533,0.000000,0.000000,0.351021,0.936368
89665.757824,43167.295836,6.484639,0.000000,0.000000,0.424725,0.905322
89672.189184,43172.120708,6.529873,0.000000,0.000000,-0.230744,0.973015
89677.627723,43165.392394,6.553213,0.000000,0.000000,-0.509104,0.860705
89678.738663,43156.240542,6.540535,0.000000,0.000000,-0.808032,0.589138
89676.105177,43148.183779,6.536481,0.000000,0.000000,-0.973920,0.226892
89667.654384,43147.051268,6.488879,0.000000,0.000000,-0.996143,0.087748
89658.950072,43146.528676,6.432636,0.000000,0.000000,-0.919541,0.392995
89656.209157,43138.369508,6.388015,0.000000,0.000000,-0.721723,0.692182
89658.986825,43129.857646,6.379569,0.000000,0.000000,-0.771432,0.636312
89655.212446,43122.621476,6.353745,0.000000,0.000000,-0.954609,0.297860
89647.372124,43122.197908,6.327244,0.000000,0.000000,-0.999979,0.006415
89640.155127,43123.085223,6.317255,0.000000,0.000000,0.962200,0.272343
89633.292224,43122.626163,6.248448,0.000000,0.000000,0.922506,0.385984
89629.799786,43129.032571,6.215889,0.000000,0.000000,0.880755,0.473572
89627.711089,43136.813533,6.231902,0.000000,0.000000,0.886576,0.462583
89621.519322,43142.866309,6.229248,0.000000,0.000000,0.885840,0.463990
89615.887129,43150.139173,6.232436,0.000000,0.000000,0.874733,0.484605
89613.640301,43159.317682,6.240409,0.000000,0.000000,0.702854,0.711334
89616.926229,43167.665825,6.331276,0.000000,0.000000,0.095761,0.995404
89625.106237,43165.036947,6.370177,0.000000,0.000000,-0.433472,0.901167
89627.772993,43156.295657,6.362043,0.000000,0.000000,-0.557544,0.830147
89632.174643,43147.903265,6.331837,0.000000,0.000000,-0.551100,0.834439
89638.582129,43140.635171,6.311085,0.000000,0.000000,-0.232370,0.972628
89646.561902,43137.209111,6.313123,0.000000,0.000000,0.343524,0.939144
89648.768257,43145.195952,6.342778,0.000000,0.000000,0.855279,0.518168
89642.407498,43151.988962,6.367471,0.000000,0.000000,0.909974,0.414665
89638.413353,43160.639103,6.427704,0.000000,0.000000,0.904818,0.425798
89632.894717,43168.070518,6.607322,0.000000,0.000000,0.906128,0.423003
89625.103911,43173.485646,6.644337,0.000000,0.000000,0.926643,0.375943
89620.067370,43181.295272,6.606902,0.000000,0.000000,0.678018,0.735046
89624.564939,43189.043550,6.692630,0.000000,0.000000,0.129383,0.991595
89633.261266,43186.892302,6.784555,0.000000,0.000000,-0.307613,0.951512
89640.064893,43181.014130,6.941782,0.000000,0.000000,-0.010237,0.999948
89649.025774,43182.368634,7.113174,0.000000,0.000000,0.241111,0.970498
89656.047569,43189.144869,7.071203,0.000000,0.000000,0.056364,0.998410
89664.606615,43187.403658,6.854253,0.000000,0.000000,-0.422610,0.906311
89664.151607,43177.974089,6.746857,0.000000,0.000000,-0.883558,0.468321
89655.920876,43174.134340,6.726508,0.000000,0.000000,-0.997254,0.074058
89646.829848,43173.214881,7.023111,0.000000,0.000000,-0.835952,0.548803
89644.061216,43164.996151,6.982640,0.000000,0.000000,-0.476306,0.879280
89651.240250,43159.633476,6.570240,0.000000,0.000000,-0.195738,0.980656
89660.157523,43161.120929,6.459034,0.000000,0.000000,0.351021,0.936368
89666.201784,43166.866580,6.478582,0.000000,0.000000,0.424725,0.905322
89672.132159,43172.355578,6.526013,0.000000,0.000000,-0.230744,0.973015
89677.626815,43165.794871,6.553716,0.000000,0.000000,-0.509104,0.860705
89678.608155,43156.708359,6.541301,0.000000,0.000000,-0.808032,0.589138
89676.575245,43148.422480,6.536897,0.000000,0.000000,-0.973920,0.226892
89668.349824,43146.829488,6.488504,0.000000,0.000000,-0.997181,0.075030
89659.550681,43146.900751,6.435202,0.000000,0.000000,-0.919541,0.392995
89655.842584,43139.429456,6.389805,0.000000,0.000000,-0.721723,0.692182
89658.740662,43130.940959,6.378710,0.000000,0.000000,-0.717595,0.696460
89655.927827,43123.172668,6.354524,0.000000,0.000000,-0.954609,0.297860
89648.144975,43122.154032,6.330064,0.000000,0.000000,-0.999979,0.006415
89640.838426,43123.291748,6.319028,0.000000,0.000000,0.962200,0.272343
89633.851372,43122.373156,6.253291,0.000000,0.000000,0.922506,0.385984
89629.843961,43128.282562,6.217020,0.000000,0.000000,0.880755,0.473572
89628.102355,43136.089262,6.232000,0.000000,0.000000,0.886576,0.462583
89622.260494,43142.455004,6.231328,0.000000,0.000000,0.885840,0.463990
89616.388688,43148.799742,6.231883,0.000000,0.000000,0.874733,0.484605
89616.388688,43148.799742,6.231883,0.000000,0.000000,0.874733,0.484605
89616.388688,43148.799742,6.231883,0.000000,0.000000,0.874733,0.484605
89616.388688,43148.799742,6.231883,0.000000,0.000000,0.874733,0.484605
89616.388688,43148.799742,6.231883,0.000000,0.000000,0.874733,0.484605
89616.388688,43148.799742,6.231883,0.000000,0.000000,0.874733,0.484605
89616.388688,43148.799742,6.231883,0.000000,0.000000,0.874733,0.484605
89616.388688,43148.799742,6.231883,0.000000,0.000000,0.874733,0.484605
89616.388688,43148.799742,6.231883,0.000000,0.000000,0.874733,0.484605
89616.388688,43148.799742,6.231883,0.000000,0.000000,0.874733,0.484605
89616.388688,43148.799742,6.231883,0.000000,0.000000,0.874733,0.484605
89616.388688,43148.799742,6.231883,0.000000,0.000000,0.874733,0.484605
89616.388688,43148.799742,6.231883,0.000000,0.000000,0.874733,0.484605
89616.388688,43148.799742,6.231883,0.000000,0.000000,0.874733,0.484605
89616.388688,43148.799742,6.231883,0.000000,0.000000,0.874733,0.484605
89616.388688,43148.799742,6.231883,0.000000,0.000000,0.874733,0.484605
89616.388688,43148.799742,6.231883,0.000000,0.000000,0.874733,0.484605
89616.388688,43148.799742,6.231883,0.000000,0.000000,0.874733,0.484605
89616.388688,43148.799742,6.231883,0.000000,0.000000,0.874733,0.484605
89616.388688,43148.799742,6.231883,0.000000,0.000000,0.874733,0.484605
89616.388688,43148.799742,6.231883,0.000000,0.000000,0.874733,0.484605
89616.388688,43148.799742,6.231883,0.000000,0.000000,0.874733,0.484605
89616.388688,43148.799742,6.231883,0.000000,0.000000,0.874733,0.484605
89616.388688,43148.799742,6.231883,0.000000,0.000000,0.874733,0.484605
89616.388688,43148.799742,6.231883,0.000000,0.000000,0.874733,0.484605
89616.388688,43148.799742,6.231883,0.000000,0.000000,0.874733,0.484605
89616.388688,43148.799742,6.231883,0.000000,0.000000,0.874733,0.484605
89616.388688,43148.799742,6.231883,0.000000,0.000000,0.874733,0.484605
89616.388688,43148.799742,6.231883,0.000000,0.000000,0.874733,0.484605
89616.388688,43148.799742,6.231883,0.000000,0.000000,0.874733,0.484605
89616.388688,43148.799742,6.231883,0.000000,0.000000,0.874733,0.484605
89616.388688,43148.799742,6.231883,0.000000,0.000000,0.874733,0.484605
89616.388688,43148.799742,6.231883,0.000000,0.000000,0.874733,0.484605
89616.388688,43148.799742,6.231883,0.000000,0.000000,0.874733,0.484605
89616.388688,43148.799742,6.231883,0.000000,0.000000,0.874733,0.484605
89616.388688,43148.799742,6.231883,0.000000,0.000000,0.874733,0.484605
89616.388688,43148.799742,6.231883,0.000000,0.000000,0.874733,0.484605
89616.388688,43148.799742,6.231883,0.000000,0.000000,0.874733,0.484605
89616.388688,43148.799742,6.231883,0.000000,0.000000,0.874733,0.484605
89616.388688,43148.799742,6.231883,0.000000,0.000000,0.874733,0.484605
89616.388688,43148.799742,6.231883,0.000000,0.000000,0.874733,0.484605
89616.388688,43148.799742,6.231883,0.000000,0.000000,0.874733,0.484605
89616.388688,43148.799742,6.231883,0.000000,0.000000,0.874733,0.484605
89616.388688,43148.799742,6.231883,0.000000,0.000000,0.874733,0.484605
89616.388688,43148.799742,6.231883,0.000000,0.000000,0.874733,0.484605
89616.388688,43148.799742,6.231883,0.000000,0.000000,0.874733,0.484605
89616.388688,43148.799742,6.231883,0.000000,0.000000,0.874733,0.484605
89616.388688,43148.799742,6.231883,0.000000,0.000000,0.874733,0.484605
89616.388688,43148.799742,6.231883,0.000000,0.000000,0.874733,0.484605
89616.388688,43148.799742,6.231883,0.000000,0.000000,0.874733,0.484605
89616.388688,43148.799742,6.231883,0.000000,0.000000,0.874733,0.484605
89616.388688,43148.799742,6.231883,0.000000,0.000000,0.874733,0.484605
89616.388688,43148.799742,6.231883,0.000000,0.000000,0.874733,0.484605
89616.388688,43148.799742,6.231883,0.000000,0.000000,0.874733,0.484605
89616.388688,43148.799742,6.231883,0.000000,0.000000,0.874733,0.484605
89616.388688,43148.799742,6.231883,0.000000,0.000000,0.874733,0.484605
89616.388688,43148.799742,6.231883,0.000000,0.000000,0.874733,0.484605
89616.388688,43148.799742,6.231883,0.000000,0.000000,0.874733,0.484605
89616.388688,43148.799742,6.231883,0.000000,0.000000,0.874733,0.484605
89616.388688,43148.799742,6.231883,0.000000,0.000000,0.874733,0.484605
89616.388688,43148.799742,6.231883,0.000000,0.000000,0.874733,0.484605
89616.388688,43148.799742,6.231883,0.000000,0.000000,0.874733,0.484605
89616.388688,43148.799742,6.231883,0.000000,0.000000,0.874733,0.484605
89616.388688,43148.799742,6.231883,0.000000,0.000000,0.874733,0.484605
89616.388688,43148.799742,6.231883,0.000000,0.000000,0.874733,0.484605
89616.388688,43148.799742,6.231883,0.000000,0.000000,0.874733,0.484605
89616.388688,43148.799742,6.231883,0.000000,0.000000,0.874733,0.484605
89616.388688,43148.799742,6.231883,0.000000,0.000000,0.874733,0.484605
89616.388688,43148.799742,6.231883,0.000000,0.000000,0.874733,0.484605
89616.388688,43148.799742,6.231883,0.000000,0.000000,0.874733,0.484605
89616.388688,43148.799742,6.231883,0.000000,0.000000,0.874733,0.484605
89616.388688,43148.799742,6.231883,0.000000,0.000000,0.874733,0.484605
89616.388688,43148.799742,6.231883,0.000000,0.000000,0.874733,0.484605
89616.388688,43148.799742,6.231883,0.000000,0.000000,0.874733,0.484605
89616.388688,43148.799742,6.231883,0.000000,0.000000,0.874733,0.484605
89616.388688,43148.799742,6.231883,0.000000,0.000000,0.874733,0.484605
89616.388688,43148.799742,6.231883,0.000000,0.000000,0.874733,0.484605
89616.388688,43148.799742,6.231883,0.000000,0.000000,0.874733,0.484605
89616.388688,43148.799742,6.231883,0.000000,0.000000,0.874733,0.484605
89616.388688,43148.799742,6.231883,0.000000,0.000000,0.874733,0.484605
89616.388688,43148.799742,6.231883,0.000000,0.000000,0.874733,0.484605
89616.388688,43148.799742,6.231883,0.000000,0.000000,0.874733,0.484605
89616.388688,43148.799742,6.231883,0.000000,0.000000,0.874733,0.484605
89616.388688,43148.799742,6.231883,0.000000,0.000000,0.874733,0.484605
89616.388688,43148.799742,6.231883,0.000000,0.000000,0.874733,0.484605
89616.388688,43148.799742,6.231883,0.000000,0.000000,0.874733,0.484605
89616.388688,43148.799742,6.231883,0.000000,0.000000,0.874733,0.484605
89616.388688,43148.799742,6.231883,0.000000,0.000000,0.874733,0.484605
89616.388688,43148.799742,6.231883,0.000000,0.000000,0.874733,0.484605
89616.388688,43148.799742,6.231883,0.000000,0.000000,0.874733,0.484605
89616.388688,43148.799742,6.231883,0.000000,0.000000,0.874733,0.484605
89616.388688,43148.799742,6.231883,0.000000,0.000000,0.874733,0.484605
89616.388688,43148.799742,6.231883,0.000000,0.000000,0.874733,0.484605
89616.388688,43148.799742,6.231883,0.000000,0.000000,0.874733,0.484605
89616.388688,43148.799742,6.231883,0.000000,0.000000,0.874733,0.484605
89616.388688,43148.799742,6.231883,0.000000,0.000000,0.874733,0.484605
89616.388688,43148.799742,6.231883,0.000000,0.000000,0.874733,0.484605
89616.388688,43148.799742,6.231883,0.000000,0.000000,0.874733,0.484605
89616.388688,43148.799742,6.231883,0.000000,0.000000,0.874733,0.484605
89616.388688,43148.799742,6.231883,0.000000,0.000000,0.874733,0.484605
89616.388688,43148.799742,6.231883,0.000000,0.000000,0.874733,0.484605
89616.388688,43148.799742,6.231883,0.000000,0.000000,0.874733,0.484605
89616.388688,43148.799742,6.231883,0.000000,0.000000,0.874733,0.484605
89616.388688,43148.799742,6.231883,0.000000,0.000000,0.874733,0.484605
89616.388688,43148.799742,6.231883,0.000000,0.000000,0.874733,0.484605
89616.388688,43148.799742,6.231883,0.000000,0.000000,0.874733,0.484605
89616.388688,43148.799742,6.231883,0.000000,0.000000,0.874733,0.484605
89616.388688,43148.799742,6.231883,0.000000,0.000000,0.874733,0.484605
89616.388688,43148.799742,6.231883,0.000000,0.000000,0.874733,0.484605
89616.388688,43148.799742,6.231883,0.000000,0.000000,0.874733,0.484605
89616.388688,43148.799742,6.231883,0.000000,0.000000,0.874733,0.484605
89616.388688,43148.799742,6.231883,0.000000,0.000000,0.874733,0.484605
89616.388688,43148.799742,6.231883,0.000000,0.000000,0.874733,0.484605
89616.388688,43148.799742,6.231883,0.000000,0.000000,0.874733,0.484605
89616.388688,43148.799742,6.231883,0.000000,0.000000,0.874733,0.484605
89616.388688,43148.799742,6.231883,0.000000,0.000000,0.874733,0.484605
89616.388688,43148.799742,6.231883,0.000000,0.000000,0.874733,0.484605
89616.388688,43148.799742,6.231883,0.000000,0.000000,0.874733,0.484605
89616.388688,43148.799742,6.231883,0.000000,0.000000,0.874733,0.484605
89616.388688,43148.799742,6.231883,0.000000,0.000000,0.874733,0.484605
89616.388688,43148.799742,6.231883,0.000000,0.000000,0.874733,0.484605
89616.388688,43148.799742,6.231883,0.000000,0.000000,0.874733,0.484605
89616.388688,43148.799742,6.231883,0.000000,0.000000,0.874733,0.484605
89616.388688,43148.799742,6.231883,0.000000,0.000000,0.874733,0.484605
89616.388688,43148.799742,6.231883,0.000000,0.000000,0.874733,0.484605
89616.388688,43148.799742,6.231883,0.000000,0.000000,0.874733,0.484605
89616.388688,43148.799742,6.231883,0.000000,0.000000,0.874733,0.484605
89616.388688,43148.799742,6.231883,0.000000,0.000000,0.874733,0.484605
89616.388688,43148.799742,6.231883,0.000000,0.000000,0.874733,0.484605
89616.388688,43148.799742,6.231883,0.000000,0.000000,0.874733,0.484605
89616.388688,43148.799742,6.231883,0.000000,0.000000,0.874733,0.484605
89616.388688,43148.799742,6.231883,0.000000,0.000000,0.874733,0.484605
89616.388688,43148.799742,6.231883,0.000000,0.000000,0.874733,0.484605
89616.388688,43148.799742,6.231883,0.000000,0.000000,0.874733,0.484605
89616.388688,43148.799742,6.231883,0.000000,0.000000,0.874733,0.484605
89616.388688,43148.799742,6.231883,0.000000,0.000000,0.874733,0.484605
89616.388688,43148.799742,6.231883,0.000000,0.000000,0.874733,0.484605
89616.388688,43148.799742,6.231883,0.000000,0.000000,0.874733,0.484605
89616.388688,43148.799742,6.231883,0.000000,0.000000,0.874733,0.484605
89616.388688,43148.799742,6.231883,0.000000,0.000000,0.874733,0.484605
89616.388688,43148.799742,6.231883,0.000000,0.000000,0.874733,0.484605
89616.388688,43148.799742,6.231883,0.000000,0.000000,0.874733,0.484605
89616.388688,43148.799742,6.231883,0.000000,0.000000,0.874733,0.484605
89616.388688,43148.799742,6.231883,0.000000,0.000000,0.874733,0.484605
89616.388688,43148.799742,6.231883,0.000000,0.000000,0.874733,0.484605
89616.388688,43148.799742,6.231883,0.000000,0.000000,0.874733,0.484605
89616.388688,43148.799742,6.231883,0.000000,0.000000,0.874733,0.484605
89616.388688,43148.799742,6.231883,0.000000,0.000000,0.874733,0.484605
89616.388688,43148.799742,6.231883,0.000000,0.000000,0.874733,0.484605
89616.388688,43148.799742,6.231883,0.000000,0.000000,0.874733,0.484605
89616.388688,43148.799742,6.231883,0.000000,0.000000,0.874733,0.484605
89616.388688,43148.799742,6.231883,0.000000,0.000000,0.874733,0.484605
89616.388688,43148.799742,6.231883,0.000000,0.000000,0.874733,0.484605
89616.388688,43148.799742,6.231883,0.000000,0.000000,0.874733,0.484605
89616.388688,43148.799742,6.231883,0.000000,0.000000,0.874733,0.484605
89616.388688,43148.799742,6.231883,0.000000,0.000000,0.874733,0.484605
89616.388688,43148.799742,6.231883,0.000000,0.000000,0.874733,0.484605
89616.388688,43148.799742,6.231883,0.000000,0.000000,0.874733,0.484605
89616.388688,43148.799742,6.231883,0.000000,0.000000,0.874733,0.484605
89616.388688,43148.799742,6.231883,0.000000,0.000000,0.874733,0.484605
89616.388688,43148.799742,6.231883,0.000000,0.000000,0.874733,0.484605
89616.388688,43148.799742,6.231883,0.000000,0.000000,0.874733,0.484605
89616.388688,43148.799742,6.231883,0.000000,0.000000,0.874733,0.484605
89616.388688,43148.799742,6.231883,0.000000,0.000000,0.874733,0.484605
89616.388688,43148.799742,6.231883,0.000000,0.000000,0.874733,0.484605
89616.388688,43148.799742,6.231883,0.000000,0.000000,0.874733,0.484605
89616.388688,43148.799742,6.231883,0.000000,0.000000,0.874733,0.484605
89616.388688,43148.799742,6.231883,0.000000,0.000000,0.874733,0.484605
89616.388688,43148.799742,6.231883,0.000000,0.000000,0.874733,0.484605
89616.388688,43148.799742,6.231883,0.000000,0.000000,0.874733,0.484605
89616.388688,43148.799742,6.231883,0.000000,0.000000,0.874733,0.484605
89616.388688,43148.799742,6.231883,0.000000,0.000000,0.874733,0.484605
89616.388688,43148.799742,6.231883,0.000000,0.000000,0.874733,0.484605
89616.388688,43148.799742,6.231883,0.000000,0.000000,0.874733,0.484605
89616.388688,43148.799742,6.231883,0.000000,0.000000,0.874733,0.484605
89616.388688,43148.799742,6.231883,0.000000,0.000000,0.874733,0.484605
89616.388688,43148.799742,6.231883,0.000000,0.000000,0.874733,0.484605
89616.388688,43148.799742,6.231883,0.000000,0.000000,0.874733,0.484605
89616.388688,43148.799742,6.231883,0.000000,0.000000,0.874733,0.484605
89616.388688,43148.799742,6.231883,0.000000,0.000000,0.874733,0.484605
89616.388688,43148.799742,6.231883,0.000000,0.000000,0.874733,0.484605
89616.388688,43148.799742,6.231883,0.000000,0.000000,0.874733,0.484605
89616.388688,43148.799742,6.231883,0.000000,0.000000,0.874733,0.484605
89616.388688,43148.799742,6.231883,0.000000,0.000000,0.874733,0.484605
89616.388688,43148.799742,6.231883,0.000000,0.000000,0.874733,0.484605
89616.388688,43148.799742,6.231883,0.000000,0.000000,0.874733,0.484605
89616.388688,43148.799742,6.231883,0.000000,0.000000,0.874733,0.484605
89616.388688,43148.799742,6.231883,0.000000,0.000000,0.874733,0.484605
89616.388688,43148.799742,6.231883,0.000000,0.000000,0.874733,0.484605
89616.388688,43148.799742,6.231883,0.000000,0.000000,0.874733,0.484605
89616.388688,43148.799742,6.231883,0.000000,0.000000,0.874733,0.484605
89616.388688,43148.799742,6.231883,0.000000,0.000000,0.874733,0.484605
89616.388688,43148.799742,6.231883,0.000000,0.000000,0.874733,0.484605
89616.388688,43148.799742,6.231883,0.000000,0.000000,0.874733,0.484605
89616.388688,43148.799742,6.231883,0.000000,0.000000,0.874733,0.484605
89616.388688,43148.799742,6.231883,0.000000,0.000000,0.874733,0.484605
89616.388688,43148.799742,6.231883,0.000000,0.000000,0.874733,0.484605
89616.388688,43148.799742,6.231883,0.000000,0.000000,0.874733,0.484605
89616.388688,43148.799742,6.231883,0.000000,0.000000,0.874733,0.484605
89616.388688,43148.799742,6.231883,0.000000,0.000000,0.874733,0.484605
89616.388688,43148.799742,6.231883,0.000000,0.000000,0.874733,0.484605
89616.388688,43148.799742,6.231883,0.000000,0.000000,0.874733,0.484605
89616.388688,43148.799742,6.231883,0.000000,0.000000,0.874733,0.484605
89616.388688,43148.799742,6.231883,0.000000,0.000000,0.874733,0.484605
89616.388688,43148.799742,6.231883,0.000000,0.000000,0.874733,0.484605
89616.388688,43148.799742,6.231883,0.000000,0.000000,0.874733,0.484605
89616.388688,43148.799742,6.231883,0.000000,0.000000,0.874733,0.484605
89616.388688,43148.799742,6.231883,0.000000,0.000000,0.874733,0.484605
89616.388688,43148.799742,6.231883,0.000000,0.000000,0.874733,0.484605
89616.388688,43148.799742,6.231883,0.000000,0.000000,0.874733,0.484605
89616.388688,43148.799742,6.231883,0.000000,0.000000,0.874733,0.484605
89616.388688,43148.799742,6.231883,0.000000,0.000000,0.874733,0.484605
89616.388688,43148.799742,6.231883,0.000000,0.000000,0.874733,0.484605
89616.388688,43148.799742,6.231883,0.000000,0.000000,0.874733,0.484605
89616.388688,43148.799742,6.231883,0.000000,0.000000,0.874733,0.484605
89616.388688,43148.799742,6.231883,0.000000,0.000000,0.874733,0.484605
89616.388688,43148.799742,6.231883,0.000000,0.000000,0.874733,0.484605
89616.388688,43148.799742,6.231883,0.000000,0.000000,0.874733,0.484605
89616.388688,43148.799742,6.231883,0.000000,0.000000,0.874733,0.484605
89616.388688,43148.799742,6.231883,0.000000,0.000000,0.874733,0.484605
89616.388688,43148.799742,6.231883,0.000000,0.000000,0.874733,0.484605
89616.388688,43148.799742,6.231883,0.000000,0.000000,0.874733,0.484605
89616.388688,43148.799742,6.231883,0.000000,0.000000,0.874733,0.484605
89616.388688,43148.799742,6.231883,0.000000,0.000000,0.874733,0.484605
89616.388688,43148.799742,6.231883,0.000000,0.000000,0.874733,0.484605
89616.388688,43148.799742,6.231883,0.000000,0.000000,0.874733,0.484605
89616.388688,43148.799742,6.231883,0.000000,0.000000,0.874733,0.484605
89616.388688,43148.799742,6.231883,0.000000,0.000000,0.874733,0.484605
89616.388688,43148.799742,6.231883,0.000000,0.000000,0.874733,0.484605
89616.388688,43148.799742,6.231883,0.000000,0.000000,0.874733,0.484605
89616.388688,43148.799742,6.231883,0.000000,0.000000,0.874733,0.484605
89616.388688,43148.799742,6.231883,0.000000,0.000000,0.874733,0.484605
89616.388688,43148.799742,6.231883,0.000000,0.000000,0.874733,0.484605
89616.388688,43148.799742,6.231883,0.000000,0.000000,0.874733,0.484605
89616.388688,43148.799742,6.231883,0.000000,0.000000,0.874733,0.484605
89616.388688,43148.799742,6.231883,0.000000,0.000000,0.874733,0.484605
89616.388688,43148.799742,6.231883,0.000000,0.000000,0.874733,0.484605
89616.388688,43148.799742,6.231883,0.000000,0.000000,0.874733,0.484605
89616.388688,43148.799742,6.231883,0.000000,0.000000,0.874733,0.484605
89616.388688,43148.799742,6.231883,0.000000,0.000000,0.874733,0.484605
89616.388688,43148.799742,6.231883,0.000000,0.000000,0.874733,0.484605
89616.388688,43148.799742,6.231883,0.000000,0.000000,0.874733,0.484605
89616.388688,43148.799742,6.231883,0.000000,0.000000,0.874733,0.484605
89616.388688,43148.799742,6.231883,0.000000,0.000000,0.874733,0.484605
89616.388688,43148.799742,6.231883,0.000000,0.000000,0.874733,0.484605
89616.388688,43148.799742,6.231883,0.000000,0.000000,0.874733,0.484605
89616.388688,43148.799742,6.231883,0.000000,0.000000,0.874733,0.484605
89616.388688,43148.799742,6.231883,0.000000,0.000000,0.874733,0.484605
89616.388688,43148.799742,6.231883,0.000000,0.000000,0.874733,0.484605
89616.388688,43148.799742,6.231883,0.000000,0.000000,0.874733,0.484605
89616.388688,43148.799742,6.231883,0.000000,0.000000,0.874733,0.484605
89616.388688,43148.799742,6.231883,0.000000,0.000000,0.874733,0.484605
89616.388688,43148.799742,6.231883,0.000000,0.000000,0.874733,0.484605
89616.388688,43148.799742,6.231883,0.000000,0.000000,0.874733,0.484605
89616.388688,43148.799742,6.231883,0.000000,0.000000,0.874733,0.484605
89616.388688,43148.799742,6.231883,0.000000,0.000000,0.874733,0.484605
89616.388688,43148.799742,6.231883,0.000000,0.000000,0.874733,0.484605
89616.388688,43148.799742,6.231883,0.000000,0.000000,0.874733,0.484605
89616.388688,43148.799742,6.231883,0.000000,0.000000,0.874733,0.484605
89616.388688,43148.799742,6.231883,0.000000,0.000000,0.874733,0.484605
89616.388688,43148.799742,6.231883,0.000000,0.000000,0.874733,0.484605
89616.388688,43148.799742,6.231883,0.000000,0.000000,0.874733,0.484605
89616.388688,43148.799742,6.231883,0.000000,0.000000,0.874733,0.484605
89616.388688,43148.799742,6.231883,0.000000,0.000000,0.874733,0.484605
89616.388688,43148.799742,6.231883,0.000000,0.000000,0.874733,0.484605
89616.388688,43148.799742,6.231883,0.000000,0.000000,0.874733,0.484605
89616.388688,43148.799742,6.231883,0.000000,0.000000,0.874733,0.484605
89616.388688,43148.799742,6.231883,0.000000,0.000000,0.874733,0.484605
89616.388688,43148.799742,6.231883,0.000000,0.000000,0.874733,0.484605
89616.388688,43148.799742,6.231883,0.000000,0.000000,0.874733,0.484605
89616.388688,43148.799742,6.231883,0.000000,0.000000,0.874733,0.484605
89616.388688,43148.799742,6.231883,0.000000,0.000000,0.874733,0.484605
89616.388688,43148.799742,6.231883,0.000000,0.000000,0.874733,0.484605
89616.388688,43148.799742,6.231883,0.000000,0.000000,0.874733,0.484605
89616.388688,43148.799742,6.231883,0.000000,0.000000,0.874733,0.484605
89616.388688,43148.799742,6.231883,0.000000,0.000000,0.874733,0.484605
89616.388688,43148.799742,6.231883,0.000000,0.000000,0.874733,0.484605
89616.388688,43148.799742,6.231883,0.000000,0.000000,0.874733,0.484605
89616.388688,43148.799742,6.231883,0.000000,0.000000,0.874733,0.484605
89616.388688,43148.799742,6.231883,0.000000,0.000000,0.874733,0.484605
89616.388688,43148.799742,6.231883,0.000000,0.000000,0.874733,0.484605
89616.388688,43148.799742,6.231883,0.000000,0.000000,0.874733,0.484605
89616.388688,43148.799742,6.231883,0.000000,0.000000,0.874733,0.484605
89616.388688,43148.799742,6.231883,0.000000,0.000000,0.874733,0.484605
89616.388688,43148.799742,6.231883,0.000000,0.000000,0.874733,0.484605
89616.388688,43148.799742,6.231883,0.000000,0.000000,0.874733,0.484605
89616.388688,43148.799742,6.231883,0.000000,0.000000,0.874733,0.484605
89616.388688,43148.799742,6.231883,0.000000,0.000000,0.874733,0.484605
89616.388688,43148.799742,6.231883,0.000000,0.000000,0.874733,0.484605
89616.388688,43148.799742,6.231883,0.000000,0.000000,0.874733,0.484605
89616.388688,43148.799742,6.231883,0.000000,0.000000,0.874733,0.484605
89616.388688,43148.799742,6.231883,0.000000,0.000000,0.874733,0.484605
89616.388688,43148.799742,6.231883,0.000000,0.000000,0.874733,0.484605
89616.388688,43148.799742,6.231883,0.000000,0.000000,0.874733,0.484605
89616.388688,43148.799742,6.231883,0.000000,0.000000,0.874733,0.484605
89616.388688,43148.799742,6.231883,0.000000,0.000000,0.874733,0.484605
89616.388688,43148.799742,6.231883,0.000000,0.000000,0.874733,0.484605
89616.388688,43148.799742,6.231883,0.000000,0.000000,0.874733,0.484605
89616.388688,43148.799742,6.231883,0.000000,0.000000,0.874733,0.484605
89616.388688,43148.799742,6.231883,0.000000,0.000000,0.874733,0.484605
89616.388688,43148.799742,6.231883,0.000000,0.000000,0.874733,0.484605
89616.388688,43148.799742,6.231883,0.000000,0.000000,0.874733,0.484605
89616.388688,43148.799742,6.231883,0.000000,0.000000,0.874733,0.484605
89616.388688,43148.799742,6.231883,0.000000,0.000000,0.874733,0.484605
89616.388688,43148.799742,6.231883,0.000000,0.000000,0.874733,0.484605
89616.388688,43148.799742,6.231883,0.000000,0.000000,0.874733,0.484605
89616.388688,43148.799742,6.231883,0.000000,0.000000,0.874733,0.484605
89666.094672,43124.684125,6.381404,0.000000,0.000000,-0.868327,0.495991
89666.329436,43124.065773,6.381359,0.000000,0.000000,-0.868327,0.495991
89666.645796,43124.559601,6.381257,0.000000,0.000000,-0.868327,0.495991
89666.762074,43124.638991,6.381261,0.000000,0.000000,-0.868327,0.495991
89666.742403,43124.767317,6.381247,0.000000,0.000000,-0.868327,0.495991
89666.817971,43124.792796,6.381244,0.000000,0.000000,-0.868327,0.495991
89666.976605,43124.929387,6.381265,0.000000,0.000000,-0.868327,0.495991
89666.995674,43124.939005,6.381097,0.000000,0.000000,-0.868327,0.495991
89666.972095,43125.020744,6.381150,0.000000,0.000000,-0.868327,0.495991
89666.910292,43125.036245,6.381143,0.000000,0.000000,-0.868327,0.495991
89667.037871,43125.046014,6.381133,0.000000,0.000000,-0.868327,0.495991
89666.966772,43124.992668,6.381096,0.000000,0.000000,-0.868327,0.495991
89666.969222,43125.065035,6.381082,0.000000,0.000000,-0.868327,0.495991
89666.928666,43125.065157,6.381073,0.000000,0.000000,-0.868327,0.495991
89666.991321,43125.126453,6.381030,0.000000,0.000000,-0.868327,0.495991
89667.028641,43125.053458,6.380970,0.000000,0.000000,-0.868327,0.495991
89666.969075,43125.005939,6.381014,0.000000,0.000000,-0.868327,0.495991
89665.998386,43124.321195,6.379199,0.000000,0.000000,-0.868327,0.495991
89665.577686,43124.088886,6.380916,0.000000,0.000000,-0.868327,0.495991
89664.953731,43123.740847,6.380637,0.000000,0.000000,-0.965771,0.259397
89664.225684,43123.299430,6.379872,0.000000,0.000000,-0.965771,0.259397
89663.409854,43122.754018,6.375867,0.000000,0.000000,-0.965771,0.259397
89662.609450,43122.163761,6.369057,0.000000,0.000000,-0.965771,0.259397
89661.846701,43121.424539,6.363265,0.000000,0.000000,-0.958761,0.284215
89661.231505,43120.734053,6.360065,0.000000,0.000000,-0.958761,0.284215
89660.491099,43120.147405,6.357610,0.000000,0.000000,-0.958761,0.284215
89659.618937,43119.477969,6.339056,0.000000,0.000000,-0.970512,0.241052
89658.710111,43118.818404,6.328212,0.000000,0.000000,-0.970512,0.241052
89657.905693,43118.341408,6.322268,0.000000,0.000000,-0.970512,0.241052
89657.033604,43117.902672,6.322391,0.000000,0.000000,-0.970512,0.241052
89656.152850,43117.587468,6.312654,0.000000,0.000000,-0.970512,0.241052
89655.130288,43117.411822,6.303894,0.000000,0.000000,0.995388,0.095934
89654.105915,43117.381668,6.302164,0.000000,0.000000,0.995388,0.095934
89653.122860,43117.457674,6.303670,0.000000,0.000000,0.995388,0.095934
89652.183769,43117.651475,6.311288,0.000000,0.000000,0.986880,0.161457
89651.105438,43118.020008,6.316308,0.000000,0.000000,0.986880,0.161457
89650.047241,43118.500482,6.325891,0.000000,0.000000,0.986880,0.161457
89648.753200,43118.977610,6.321639,0.000000,0.000000,0.982839,0.184466
89646.800671,43119.643261,6.316847,0.000000,0.000000,0.982839,0.184466
89643.849759,43120.963290,6.300031,0.000000,0.000000,0.982839,0.184466
89640.130621,43122.924109,6.291974,0.000000,0.000000,0.962200,0.272343
89635.985868,43125.701152,6.255406,0.000000,0.000000,0.922506,0.385984
89631.667829,43129.876230,6.224889,0.000000,0.000000,0.880755,0.473572
89627.543766,43135.433343,6.235490,0.000000,0.000000,0.886576,0.462583
89623.341459,43141.681830,6.231204,0.000000,0.000000,0.886023,0.463642
89618.286333,43148.341024,6.232086,0.000000,0.000000,0.881734,0.471747
89613.586388,43156.062488,6.238888,0.000000,0.000000,0.798825,0.601564
89614.461740,43165.038356,6.296102,0.000000,0.000000,0.332024,0.943271
89622.846418,43166.505156,6.338504,0.000000,0.000000,-0.372298,0.928113
89627.614391,43158.926476,6.364995,0.000000,0.000000,-0.535709,0.844403
89630.468035,43150.240304,6.344259,0.000000,0.000000,-0.477121,0.878837
89636.550944,43142.401607,6.313978,0.000000,0.000000,-0.352614,0.935769
89644.233920,43136.918491,6.311141,0.000000,0.000000,0.343524,0.939144
89649.648440,43142.728238,6.334949,0.000000,0.000000,0.699456,0.714676
89643.945121,43150.107336,6.363420,0.000000,0.000000,0.882001,0.471247
89639.500777,43158.278348,6.371365,0.000000,0.000000,0.899436,0.437053
89638.210640,43162.528266,6.551189,0.000000,0.000000,0.909045,0.416698
89638.214725,43162.502356,6.566325,0.000000,0.000000,0.909045,0.416698
89638.219782,43162.568674,6.566413,0.000000,0.000000,0.909045,0.416698
89638.237692,43162.492448,6.567987,0.000000,0.000000,0.909045,0.416698
89638.237692,43162.492448,6.567987,0.000000,0.000000,0.909045,0.416698
89638.237692,43162.492448,6.567987,0.000000,0.000000,0.909045,0.416698
89638.237692,43162.492448,6.567987,0.000000,0.000000,0.909045,0.416698
89638.237692,43162.492448,6.567987,0.000000,0.000000,0.909045,0.416698
89638.237692,43162.492448,6.567987,0.000000,0.000000,0.909045,0.416698
89638.237692,43162.492448,6.567987,0.000000,0.000000,0.909045,0.416698
89638.237692,43162.492448,6.567987,0.000000,0.000000,0.909045,0.416698
89638.237692,43162.492448,6.567987,0.000000,0.000000,0.909045,0.416698
89638.237692,43162.492448,6.567987,0.000000,0.000000,0.909045,0.416698
89638.237692,43162.492448,6.567987,0.000000,0.000000,0.909045,0.416698
89638.237692,43162.492448,6.567987,0.000000,0.000000,0.909045,0.416698
89638.237692,43162.492448,6.567987,0.000000,0.000000,0.909045,0.416698
89638.237692,43162.492448,6.567987,0.000000,0.000000,0.909045,0.416698
89638.237692,43162.492448,6.567987,0.000000,0.000000,0.909045,0.416698
89638.237692,43162.492448,6.567987,0.000000,0.000000,0.909045,0.416698
89638.237692,43162.492448,6.567987,0.000000,0.000000,0.909045,0.416698
89638.237692,43162.492448,6.567987,0.000000,0.000000,0.909045,0.416698
89638.237692,43162.492448,6.567987,0.000000,0.000000,0.909045,0.416698
89638.237692,43162.492448,6.567987,0.000000,0.000000,0.909045,0.416698
89638.237692,43162.492448,6.567987,0.000000,0.000000,0.909045,0.416698
89638.237692,43162.492448,6.567987,0.000000,0.000000,0.909045,0.416698
89638.237692,43162.492448,6.567987,0.000000,0.000000,0.909045,0.416698
89638.237692,43162.492448,6.567987,0.000000,0.000000,0.909045,0.416698
89638.237692,43162.492448,6.567987,0.000000,0.000000,0.909045,0.416698
89638.237692,43162.492448,6.567987,0.000000,0.000000,0.909045,0.416698
89638.237692,43162.492448,6.567987,0.000000,0.000000,0.909045,0.416698
89638.237692,43162.492448,6.567987,0.000000,0.000000,0.909045,0.416698
89638.237692,43162.492448,6.567987,0.000000,0.000000,0.909045,0.416698
89638.237692,43162.492448,6.567987,0.000000,0.000000,0.909045,0.416698
89638.237692,43162.492448,6.567987,0.000000,0.000000,0.909045,0.416698
89638.237692,43162.492448,6.567987,0.000000,0.000000,0.909045,0.416698
89638.237692,43162.492448,6.567987,0.000000,0.000000,0.909045,0.416698
89638.237692,43162.492448,6.567987,0.000000,0.000000,0.909045,0.416698
89638.237692,43162.492448,6.567987,0.000000,0.000000,0.909045,0.416698
89638.237692,43162.492448,6.567987,0.000000,0.000000,0.909045,0.416698
89638.237692,43162.492448,6.567987,0.000000,0.000000,0.909045,0.416698
89638.237692,43162.492448,6.567987,0.000000,0.000000,0.909045,0.416698
89638.237692,43162.492448,6.567987,0.000000,0.000000,0.909045,0.416698
89638.237692,43162.492448,6.567987,0.000000,0.000000,0.909045,0.416698
89638.237692,43162.492448,6.567987,0.000000,0.000000,0.909045,0.416698
89638.237692,43162.492448,6.567987,0.000000,0.000000,0.909045,0.416698
89638.237692,43162.492448,6.567987,0.000000,0.000000,0.909045,0.416698
89638.237692,43162.492448,6.567987,0.000000,0.000000,0.909045,0.416698
89638.237692,43162.492448,6.567987,0.000000,0.000000,0.909045,0.416698
89638.237692,43162.492448,6.567987,0.000000,0.000000,0.909045,0.416698
89638.237692,43162.492448,6.567987,0.000000,0.000000,0.909045,0.416698
89638.237692,43162.492448,6.567987,0.000000,0.000000,0.909045,0.416698
89638.237692,43162.492448,6.567987,0.000000,0.000000,0.909045,0.416698
89638.237692,43162.492448,6.567987,0.000000,0.000000,0.909045,0.416698
89638.237692,43162.492448,6.567987,0.000000,0.000000,0.909045,0.416698
89638.237692,43162.492448,6.567987,0.000000,0.000000,0.909045,0.416698
89638.237692,43162.492448,6.567987,0.000000,0.000000,0.909045,0.416698
89638.237692,43162.492448,6.567987,0.000000,0.000000,0.909045,0.416698
89638.237692,43162.492448,6.567987,0.000000,0.000000,0.909045,0.416698
89638.237692,43162.492448,6.567987,0.000000,0.000000,0.909045,0.416698
89638.237692,43162.492448,6.567987,0.000000,0.000000,0.909045,0.416698
89638.237692,43162.492448,6.567987,0.000000,0.000000,0.909045,0.416698
89638.237692,43162.492448,6.567987,0.000000,0.000000,0.909045,0.416698
89638.237692,43162.492448,6.567987,0.000000,0.000000,0.909045,0.416698
89638.237692,43162.492448,6.567987,0.000000,0.000000,0.909045,0.416698
89638.237692,43162.492448,6.567987,0.000000,0.000000,0.909045,0.416698
89638.237692,43162.492448,6.567987,0.000000,0.000000,0.909045,0.416698
89638.237692,43162.492448,6.567987,0.000000,0.000000,0.909045,0.416698
89638.237692,43162.492448,6.567987,0.000000,0.000000,0.909045,0.416698
89638.237692,43162.492448,6.567987,0.000000,0.000000,0.909045,0.416698
89638.237692,43162.492448,6.567987,0.000000,0.000000,0.909045,0.416698
89638.237692,43162.492448,6.567987,0.000000,0.000000,0.909045,0.416698
89638.237692,43162.492448,6.567987,0.000000,0.000000,0.909045,0.416698
89638.237692,43162.492448,6.567987,0.000000,0.000000,0.909045,0.416698
89638.237692,43162.492448,6.567987,0.000000,0.000000,0.909045,0.416698
89638.237692,43162.492448,6.567987,0.000000,0.000000,0.909045,0.416698
89638.237692,43162.492448,6.567987,0.000000,0.000000,0.909045,0.416698
89638.237692,43162.492448,6.567987,0.000000,0.000000,0.909045,0.416698
89638.237692,43162.492448,6.567987,0.000000,0.000000,0.909045,0.416698
89638.237692,43162.492448,6.567987,0.000000,0.000000,0.909045,0.416698
89638.237692,43162.492448,6.567987,0.000000,0.000000,0.909045,0.416698
89638.237692,43162.492448,6.567987,0.000000,0.000000,0.909045,0.416698
89638.237692,43162.492448,6.567987,0.000000,0.000000,0.909045,0.416698
89638.237692,43162.492448,6.567987,0.000000,0.000000,0.909045,0.416698
89638.237692,43162.492448,6.567987,0.000000,0.000000,0.909045,0.416698
89638.237692,43162.492448,6.567987,0.000000,0.000000,0.909045,0.416698
89638.237692,43162.492448,6.567987,0.000000,0.000000,0.909045,0.416698
89638.237692,43162.492448,6.567987,0.000000,0.000000,0.909045,0.416698
89638.237692,43162.492448,6.567987,0.000000,0.000000,0.909045,0.416698
89638.237692,43162.492448,6.567987,0.000000,0.000000,0.909045,0.416698
89638.237692,43162.492448,6.567987,0.000000,0.000000,0.909045,0.416698
89638.237692,43162.492448,6.567987,0.000000,0.000000,0.909045,0.416698
89638.237692,43162.492448,6.567987,0.000000,0.000000,0.909045,0.416698
89638.237692,43162.492448,6.567987,0.000000,0.000000,0.909045,0.416698
89638.237692,43162.492448,6.567987,0.000000,0.000000,0.909045,0.416698
89638.237692,43162.492448,6.567987,0.000000,0.000000,0.909045,0.416698
89638.237692,43162.492448,6.567987,0.000000,0.000000,0.909045,0.416698
89638.237692,43162.492448,6.567987,0.000000,0.000000,0.909045,0.416698
89638.237692,43162.492448,6.567987,0.000000,0.000000,0.909045,0.416698
89638.237692,43162.492448,6.567987,0.000000,0.000000,0.909045,0.416698
89638.237692,43162.492448,6.567987,0.000000,0.000000,0.909045,0.416698
89638.237692,43162.492448,6.567987,0.000000,0.000000,0.909045,0.416698
89638.237692,43162.492448,6.567987,0.000000,0.000000,0.909045,0.416698
89638.237692,43162.492448,6.567987,0.000000,0.000000,0.909045,0.416698
89638.237692,43162.492448,6.567987,0.000000,0.000000,0.909045,0.416698
89638.237692,43162.492448,6.567987,0.000000,0.000000,0.909045,0.416698
89638.237692,43162.492448,6.567987,0.000000,0.000000,0.909045,0.416698
89638.237692,43162.492448,6.567987,0.000000,0.000000,0.909045,0.416698
89638.237692,43162.492448,6.567987,0.000000,0.000000,0.909045,0.416698
89638.237692,43162.492448,6.567987,0.000000,0.000000,0.909045,0.416698
89638.237692,43162.492448,6.567987,0.000000,0.000000,0.909045,0.416698
89638.237692,43162.492448,6.567987,0.000000,0.000000,0.909045,0.416698
89638.237692,43162.492448,6.567987,0.000000,0.000000,0.909045,0.416698
89638.237692,43162.492448,6.567987,0.000000,0.000000,0.909045,0.416698
89638.237692,43162.492448,6.567987,0.000000,0.000000,0.909045,0.416698
89638.237692,43162.492448,6.567987,0.000000,0.000000,0.909045,0.416698
89638.237692,43162.492448,6.567987,0.000000,0.000000,0.909045,0.416698
89638.237692,43162.492448,6.567987,0.000000,0.000000,0.909045,0.416698
89638.237692,43162.492448,6.567987,0.000000,0.000000,0.909045,0.416698
89638.237692,43162.492448,6.567987,0.000000,0.000000,0.909045,0.416698
89638.237692,43162.492448,6.567987,0.000000,0.000000,0.909045,0.416698
89638.237692,43162.492448,6.567987,0.000000,0.000000,0.909045,0.416698
89638.237692,43162.492448,6.567987,0.000000,0.000000,0.909045,0.416698
89638.237692,43162.492448,6.567987,0.000000,0.000000,0.909045,0.416698
89638.237692,43162.492448,6.567987,0.000000,0.000000,0.909045,0.416698
89638.237692,43162.492448,6.567987,0.000000,0.000000,0.909045,0.416698
89638.237692,43162.492448,6.567987,0.000000,0.000000,0.909045,0.416698
89638.237692,43162.492448,6.567987,0.000000,0.000000,0.909045,0.416698
89638.237692,43162.492448,6.567987,0.000000,0.000000,0.909045,0.416698
89638.237692,43162.492448,6.567987,0.000000,0.000000,0.909045,0.416698
89638.237692,43162.492448,6.567987,0.000000,0.000000,0.909045,0.416698
89638.237692,43162.492448,6.567987,0.000000,0.000000,0.909045,0.416698
89638.237692,43162.492448,6.567987,0.000000,0.000000,0.909045,0.416698
89638.237692,43162.492448,6.567987,0.000000,0.000000,0.909045,0.416698
89638.237692,43162.492448,6.567987,0.000000,0.000000,0.909045,0.416698
89638.237692,43162.492448,6.567987,0.000000,0.000000,0.909045,0.416698
89638.237692,43162.492448,6.567987,0.000000,0.000000,0.909045,0.416698
89638.237692,43162.492448,6.567987,0.000000,0.000000,0.909045,0.416698
89638.237692,43162.492448,6.567987,0.000000,0.000000,0.909045,0.416698
89638.237692,43162.492448,6.567987,0.000000,0.000000,0.909045,0.416698
89638.237692,43162.492448,6.567987,0.000000,0.000000,0.909045,0.416698
89638.237692,43162.492448,6.567987,0.000000,0.000000,0.909045,0.416698
89638.237692,43162.492448,6.567987,0.000000,0.000000,0.909045,0.416698
89638.237692,43162.492448,6.567987,0.000000,0.000000,0.909045,0.416698
89638.237692,43162.492448,6.567987,0.000000,0.000000,0.909045,0.416698
89638.237692,43162.492448,6.567987,0.000000,0.000000,0.909045,0.416698
89638.237692,43162.492448,6.567987,0.000000,0.000000,0.909045,0.416698
89638.237692,43162.492448,6.567987,0.000000,0.000000,0.909045,0.416698
89638.237692,43162.492448,6.567987,0.000000,0.000000,0.909045,0.416698
89638.237692,43162.492448,6.567987,0.000000,0.000000,0.909045,0.416698
89638.237692,43162.492448,6.567987,0.000000,0.000000,0.909045,0.416698
89638.237692,43162.492448,6.567987,0.000000,0.000000,0.909045,0.416698
89638.237692,43162.492448,6.567987,0.000000,0.000000,0.909045,0.416698
89666.400900,43124.265549,6.381307,0.000000,0.000000,-0.868327,0.495991
89666.574851,43124.134648,6.381192,0.000000,0.000000,-0.868327,0.495991
89666.543082,43123.885712,6.381281,0.000000,0.000000,-0.868327,0.495991
89666.622382,43123.779926,6.381303,0.000000,0.000000,-0.868327,0.495991
89666.732845,43123.823535,6.381241,0.000000,0.000000,-0.868327,0.495991
89666.794178,43123.786977,6.381256,0.000000,0.000000,-0.868327,0.495991
89666.842034,43123.755464,6.381091,0.000000,0.000000,-0.868327,0.495991
89666.734761,43123.771426,6.381142,0.000000,0.000000,-0.868327,0.495991
89666.723052,43123.734623,6.381141,0.000000,0.000000,-0.868327,0.495991
89666.622737,43123.767619,6.381189,0.000000,0.000000,-0.868327,0.495991
89666.671336,43123.731205,6.381102,0.000000,0.000000,-0.868327,0.495991
89666.717093,43123.668161,6.381093,0.000000,0.000000,-0.868327,0.495991
89666.767337,43123.711084,6.381023,0.000000,0.000000,-0.868327,0.495991
89666.743860,43123.803380,6.380990,0.000000,0.000000,-0.868327,0.495991
89666.705538,43123.686261,6.380986,0.000000,0.000000,-0.868327,0.495991
89666.740681,43123.709501,6.381004,0.000000,0.000000,-0.868327,0.495991
89665.596605,43124.098918,6.380951,0.000000,0.000000,-0.868327,0.495991
89665.005276,43123.769493,6.380853,0.000000,0.000000,-0.965771,0.259397
89664.271622,43123.314650,6.379973,0.000000,0.000000,-0.965771,0.259397
89663.453158,43122.745523,6.376586,0.000000,0.000000,-0.965771,0.259397
89662.726233,43122.157389,6.369293,0.000000,0.000000,-0.965771,0.259397
89662.091860,43121.529537,6.363182,0.000000,0.000000,-0.958761,0.284215
89661.322276,43120.836133,6.359971,0.000000,0.000000,-0.958761,0.284215
89660.530169,43120.240391,6.358483,0.000000,0.000000,-0.958761,0.284215
89659.782912,43119.578822,6.342523,0.000000,0.000000,-0.958761,0.284215
89658.913443,43118.957775,6.327534,0.000000,0.000000,-0.970512,0.241052
89658.051930,43118.477764,6.322167,0.000000,0.000000,-0.970512,0.241052
89657.208372,43118.026779,6.322324,0.000000,0.000000,-0.970512,0.241052
89656.181303,43117.700739,6.312948,0.000000,0.000000,-0.970512,0.241052
89654.995185,43117.489209,6.303549,0.000000,0.000000,0.995388,0.095934
89652.653875,43117.324990,6.303976,0.000000,0.000000,0.995388,0.095934
89649.571380,43117.763720,6.326589,0.000000,0.000000,0.986880,0.161457
89645.762179,43119.441370,6.312591,0.000000,0.000000,0.982839,0.184466
89641.277921,43122.405858,6.295042,0.000000,0.000000,0.980115,0.198432
89636.152314,43125.725237,6.264061,0.000000,0.000000,0.922506,0.385984
89631.086406,43130.082840,6.227462,0.000000,0.000000,0.880755,0.473572
89626.889547,43136.269803,6.232746,0.000000,0.000000,0.886576,0.462583
89622.295413,43143.059408,6.227154,0.000000,0.000000,0.885840,0.463990
89616.900292,43149.937753,6.234185,0.000000,0.000000,0.874733,0.484605
89613.090666,43158.489769,6.242781,0.000000,0.000000,0.702854,0.711334
89616.394413,43166.895162,6.314710,0.000000,0.000000,0.095761,0.995404
89624.784034,43165.152398,6.352444,0.000000,0.000000,-0.433472,0.901167
89628.095806,43156.560092,6.362554,0.000000,0.000000,-0.557544,0.830147
89631.805211,43147.876226,6.332496,0.000000,0.000000,-0.551100,0.834439
89638.071112,43140.273943,6.310802,0.000000,0.000000,-0.352614,0.935769
89646.392048,43137.244921,6.311574,0.000000,0.000000,0.343524,0.939144
89649.050004,43145.104453,6.345556,0.000000,0.000000,0.855279,0.518168
89642.812182,43151.937230,6.369076,0.000000,0.000000,0.909974,0.414665
89638.276817,43160.133739,6.404114,0.000000,0.000000,0.904818,0.425798
89633.021782,43167.656487,6.608691,0.000000,0.000000,0.906128,0.423003
89625.418045,43173.370678,6.640832,0.000000,0.000000,0.926643,0.375943
89619.907724,43181.151980,6.606431,0.000000,0.000000,0.678018,0.735046
89624.183895,43188.586500,6.691607,0.000000,0.000000,0.129383,0.991595
89632.825455,43187.444971,6.787054,0.000000,0.000000,-0.307613,0.951512
89639.630907,43181.590472,6.944876,0.000000,0.000000,-0.010237,0.999948
89648.386952,43181.893889,7.098928,0.000000,0.000000,0.241111,0.970498
89655.269091,43188.346800,7.074343,0.000000,0.000000,0.056364,0.998410
89663.810953,43187.841143,6.843865,0.000000,0.000000,-0.422610,0.906311
89664.916899,43178.943529,6.739953,0.000000,0.000000,-0.883558,0.468321
89657.433796,43174.272912,6.700561,0.000000,0.000000,-0.997254,0.074058
89648.267816,43174.285306,6.979803,0.000000,0.000000,-0.947133,0.320841
89643.292067,43167.525821,7.044965,0.000000,0.000000,-0.476306,0.879280
89648.730761,43160.758870,6.673551,0.000000,0.000000,-0.212259,0.977213
89657.903490,43160.697004,6.464370,0.000000,0.000000,0.141186,0.989983
89665.299437,43164.774147,6.473103,0.000000,0.000000,0.511028,0.859564
89669.744395,43172.202680,6.520203,0.000000,0.000000,-0.230744,0.973015
89676.898653,43169.113103,6.554082,0.000000,0.000000,-0.424476,0.905439
89678.631917,43160.140767,6.546934,0.000000,0.000000,-0.706174,0.708039
89678.401474,43151.184020,6.534608,0.000000,0.000000,-0.940498,0.339798
89671.745742,43146.428241,6.522096,0.000000,0.000000,-0.989185,0.146673
89662.859496,43147.617358,6.449434,0.000000,0.000000,-0.996104,0.088186
89656.439199,43142.543997,6.409419,0.000000,0.000000,-0.795063,0.606527
89657.906373,43133.815923,6.381591,0.000000,0.000000,-0.667034,0.745027
89657.349799,43125.387176,6.367285,0.000000,0.000000,-0.883000,0.469374
89649.998409,43121.789135,6.341940,0.000000,0.000000,-0.999979,0.006415
89642.402777,43123.358134,6.320711,0.000000,0.000000,0.980115,0.198432
89635.657963,43127.278464,6.255754,0.000000,0.000000,0.922506,0.385984
89629.189948,43131.679398,6.231046,0.000000,0.000000,0.887679,0.460463
89624.892049,43138.676532,6.230513,0.000000,0.000000,0.886618,0.462503
89620.177566,43146.499571,6.227612,0.000000,0.000000,0.884065,0.467363
89614.271068,43153.886727,6.237314,0.000000,0.000000,0.852035,0.523484
89612.773657,43162.728773,6.272567,0.000000,0.000000,0.568884,0.822418
89620.204405,43167.605802,6.338307,0.000000,0.000000,-0.171466,0.985190
89626.551809,43161.324428,6.365677,0.000000,0.000000,-0.507720,0.861522
89629.354425,43152.397591,6.345982,0.000000,0.000000,-0.569087,0.822278
89634.717423,43144.306634,6.321231,0.000000,0.000000,-0.493340,0.869836
89641.501920,43137.308975,6.306345,0.000000,0.000000,-0.054406,0.998519
89649.263784,43140.126351,6.322601,0.000000,0.000000,0.699456,0.714676
89646.404998,43148.402222,6.358140,0.000000,0.000000,0.855458,0.517873
89640.529609,43155.651853,6.372567,0.000000,0.000000,0.931912,0.362684
89635.814595,43163.800000,6.503970,0.000000,0.000000,0.911257,0.411839
89629.200355,43170.528901,6.643411,0.000000,0.000000,0.910751,0.412956
89622.276681,43177.203560,6.623068,0.000000,0.000000,0.845594,0.533826
89621.226307,43186.237148,6.629809,0.000000,0.000000,0.328683,0.944440
89629.477158,43189.080208,6.764087,0.000000,0.000000,-0.257591,0.966254
89636.335949,43183.372300,6.849569,0.000000,0.000000,-0.163097,0.986610
89644.616571,43180.068177,7.046260,0.000000,0.000000,0.093090,0.995658
89652.188653,43185.430701,7.133487,0.000000,0.000000,0.233975,0.972243
89659.953510,43189.927957,6.965038,0.000000,0.000000,-0.145469,0.989363
89665.966828,43183.673318,6.780013,0.000000,0.000000,-0.723010,0.690837
89661.431203,43175.497333,6.724302,0.000000,0.000000,-0.997178,0.075072
89652.363620,43174.071155,6.798326,0.000000,0.000000,-0.983460,0.181125
89644.497841,43170.600175,7.081559,0.000000,0.000000,-0.642321,0.766436
89646.168481,43161.686521,6.779408,0.000000,0.000000,-0.402601,0.915376
89654.201565,43158.842177,6.487908,0.000000,0.000000,-0.052785,0.998606
89662.178370,43162.069941,6.454991,0.000000,0.000000,0.535490,0.844542
89666.816587,43169.390553,6.494848,0.000000,0.000000,0.112211,0.993684
89674.371597,43172.065591,6.538871,0.000000,0.000000,-0.323006,0.946397
89678.121100,43164.356115,6.554457,0.000000,0.000000,-0.509104,0.860705
89678.911546,43155.223890,6.538553,0.000000,0.000000,-0.885312,0.464997
89675.340864,43147.647294,6.534168,0.000000,0.000000,-0.973920,0.226892
89666.648532,43147.151471,6.471217,0.000000,0.000000,-0.996143,0.087748
89658.164426,43145.419104,6.423440,0.000000,0.000000,-0.825807,0.563953
89656.779558,43136.935188,6.378868,0.000000,0.000000,-0.721723,0.692182
89659.067161,43128.421124,6.372101,0.000000,0.000000,-0.771432,0.636312
89653.946219,43121.820650,6.352670,0.000000,0.000000,-0.954609,0.297860
89646.013408,43122.545814,6.327360,0.000000,0.000000,-0.999979,0.006415
89638.505401,43123.137822,6.309823,0.000000,0.000000,0.962200,0.272343
89631.900386,43124.682973,6.238821,0.000000,0.000000,0.880755,0.473572
89629.831272,43132.123596,6.221463,0.000000,0.000000,0.887679,0.460463
89625.902102,43139.074662,6.236497,0.000000,0.000000,0.886618,0.462503
89619.399570,43144.893160,6.222886,0.000000,0.000000,0.884065,0.467363
89615.084432,43153.160783,6.234902,0.000000,0.000000,0.852035,0.523484
89613.698206,43162.743654,6.267624,0.000000,0.000000,0.332024,0.943271
89619.418237,43168.596005,6.348116,0.000000,0.000000,-0.171466,0.985190
89626.029110,43162.991694,6.379700,0.000000,0.000000,-0.507720,0.861522
89628.468868,43154.324733,6.356526,0.000000,0.000000,-0.557544,0.830147
89633.472721,43146.244315,6.326847,0.000000,0.000000,-0.518683,0.854967
89639.813721,43138.651849,6.307481,0.000000,0.000000,-0.232370,0.972628
89648.115207,43137.385708,6.315235,0.000000,0.000000,0.554016,0.832506
89648.553946,43145.807800,6.351387,0.000000,0.000000,0.855279,0.518168
89642.097287,43152.447747,6.366737,0.000000,0.000000,0.909974,0.414665
89637.972267,43160.827094,6.414580,0.000000,0.000000,0.904818,0.425798
89632.245424,43168.080677,6.618256,0.000000,0.000000,0.906128,0.423003
89624.808217,43174.096437,6.631258,0.000000,0.000000,0.941253,0.337701
89620.084090,43182.513920,6.609626,0.000000,0.000000,0.563098,0.826390
89625.423281,43189.301599,6.703066,0.000000,0.000000,-0.073857,0.997269
89633.809938,43186.535462,6.791822,0.000000,0.000000,-0.307613,0.951512
89640.526660,43180.804883,6.942754,0.000000,0.000000,-0.010237,0.999948
89649.386687,43182.808384,7.122867,0.000000,0.000000,0.241111,0.970498
89656.563753,43189.157398,7.056557,0.000000,0.000000,0.056364,0.998410
89664.983062,43186.598585,6.828592,0.000000,0.000000,-0.614220,0.789135
89663.962063,43177.759502,6.737731,0.000000,0.000000,-0.980175,0.198135
89655.785689,43173.756197,6.729415,0.000000,0.000000,-0.999403,0.034559
89646.826587,43172.861652,7.010121,0.000000,0.000000,-0.835952,0.548803
89644.345256,43164.832033,6.988269,0.000000,0.000000,-0.476306,0.879280
89651.026333,43159.382048,6.592671,0.000000,0.000000,-0.195738,0.980656
89659.774516,43160.727274,6.453520,0.000000,0.000000,0.351021,0.936368
89665.659981,43166.678329,6.479591,0.000000,0.000000,0.424725,0.905322
89671.453960,43172.724876,6.528612,0.000000,0.000000,-0.230744,0.973015
89677.392800,43166.710406,6.555476,0.000000,0.000000,-0.509104,0.860705
89678.655925,43157.861448,6.542285,0.000000,0.000000,-0.808032,0.589138
89677.327793,43149.384052,6.536873,0.000000,0.000000,-0.940498,0.339798
89669.029966,43146.932699,6.488254,0.000000,0.000000,-0.997181,0.075030
89660.421541,43146.900268,6.435657,0.000000,0.000000,-0.919541,0.392995
89656.166905,43139.378616,6.392543,0.000000,0.000000,-0.721723,0.692182
89658.422963,43130.710100,6.375343,0.000000,0.000000,-0.717595,0.696460
89656.250701,43122.888249,6.353841,0.000000,0.000000,-0.954609,0.297860
89648.422833,43121.902388,6.332037,0.000000,0.000000,-0.999979,0.006415
89640.850880,43123.946636,6.319827,0.000000,0.000000,0.962200,0.272343
89633.778409,43126.834222,6.247239,0.000000,0.000000,0.880755,0.473572
89628.861078,43132.839221,6.227534,0.000000,0.000000,0.887679,0.460463
89624.682864,43139.979824,6.233645,0.000000,0.000000,0.886023,0.463642
89618.727675,43147.127783,6.227784,0.000000,0.000000,0.881734,0.471747
89613.678078,43155.091057,6.236911,0.000000,0.000000,0.798825,0.601564
89614.201926,43164.211718,6.287404,0.000000,0.000000,0.332024,0.943271
89622.479547,43166.902143,6.340980,0.000000,0.000000,-0.372298,0.928113
89627.506758,43159.767394,6.370922,0.000000,0.000000,-0.535709,0.844403
89629.796498,43150.765548,6.344867,0.000000,0.000000,-0.477121,0.878837
89635.984891,43143.205576,6.315699,0.000000,0.000000,-0.493340,0.869836
89643.442901,43137.071422,6.308529,0.000000,0.000000,0.160678,0.987007
89649.759822,43141.884387,6.332434,0.000000,0.000000,0.699456,0.714676
89645.610939,43149.274510,6.364497,0.000000,0.000000,0.882001,0.471247
89639.737660,43156.797179,6.372306,0.000000,0.000000,0.899436,0.437053
89635.043962,43164.863104,6.538082,0.000000,0.000000,0.911257,0.411839
89628.223729,43171.296579,6.641619,0.000000,0.000000,0.910751,0.412956
89621.397563,43178.320376,6.621054,0.000000,0.000000,0.845594,0.533826
89622.015457,43187.252982,6.633460,0.000000,0.000000,0.328683,0.944440
89630.825707,43188.514729,6.765683,0.000000,0.000000,-0.257591,0.966254
89637.721928,43182.906485,6.878104,0.000000,0.000000,-0.163097,0.986610
89646.133882,43180.660084,7.050621,0.000000,0.000000,0.178075,0.984017
89653.285065,43186.460353,7.124431,0.000000,0.000000,0.197508,0.980301
89661.383945,43189.666337,6.919043,0.000000,0.000000,-0.145469,0.989363
89665.584971,43181.872829,6.760963,0.000000,0.000000,-0.723010,0.690837
89660.180255,43174.513260,6.713923,0.000000,0.000000,-0.997178,0.075072
89651.207314,43173.914574,6.822150,0.000000,0.000000,-0.983460,0.181125
89644.032096,43169.555432,7.084983,0.000000,0.000000,-0.642321,0.766436
89646.881426,43161.654062,6.775427,0.000000,0.000000,-0.212259,0.977213
89655.890042,43160.403085,6.475332,0.000000,0.000000,-0.052785,0.998606
89663.903204,43163.317858,6.467850,0.000000,0.000000,0.511028,0.859564
89668.330906,43170.783370,6.510622,0.000000,0.000000,0.112211,0.993684
89676.106045,43170.400235,6.550361,0.000000,0.000000,-0.424476,0.905439
89678.323827,43161.869055,6.548101,0.000000,0.000000,-0.601335,0.798997
89678.583609,43152.861267,6.533297,0.000000,0.000000,-0.885312,0.464997
89673.066344,43147.007859,6.523219,0.000000,0.000000,-0.989185,0.146673
89664.069184,43147.422997,6.457692,0.000000,0.000000,-0.996104,0.088186
89656.758160,43143.661597,6.416888,0.000000,0.000000,-0.825807,0.563953
89657.408966,43134.830464,6.378674,0.000000,0.000000,-0.667034,0.745027
89658.388794,43126.310391,6.367703,0.000000,0.000000,-0.883000,0.469374
89651.435957,43121.671417,6.341453,0.000000,0.000000,-0.998523,0.054326
89643.855886,43123.129230,6.326428,0.000000,0.000000,-0.999979,0.006415
89636.477389,43121.936186,6.269758,0.000000,0.000000,0.965606,0.260011
89630.964537,43125.587288,6.221003,0.000000,0.000000,0.880755,0.473572
89629.631620,43133.238386,6.226821,0.000000,0.000000,0.887679,0.460463
